BEGIN;

TRUNCATE TABLE "service",
"variation_service",
"service_question",
"question",
"service_advantage", 
"advantage",
"project",
"project_image",
"technology_project",
"technology";


INSERT INTO "service" ("id", "icon", "name", "slug", "card_description", "image", "short_description", "long_description") VALUES
(1, 'fa-solid fa-laptop-code', 'Création de Sites Web Personnalisés', 'site-web', 'Je conçois des sites web adaptés à vos besoins spécifiques, qu''il s''agisse de sites vitrines, de sites e-commerce, ou de sites plus élaborés. Chaque site est conçu pour offrir une expérience utilisateur agréable et un design attractif.', '2lct-description-creation-site.svg', 'La création de sites web personnalisés est un service clé pour établir une présence en ligne unique et professionnelle. Chaque site est conçu pour répondre précisément à vos besoins, que ce soit pour un site vitrine, un e-commerce, ou une plateforme plus complexe. Mon approche est centrée sur une collaboration étroite avec vous pour que votre site reflète fidèlement votre image, tout en étant performant et optimisé pour l''expérience utilisateur.', 'Un site vitrine est idéal pour les entreprises et entrepreneurs qui souhaitent présenter leurs services ou produits sans vente directe en ligne. C''est une solution simple et efficace pour montrer ce que vous faites. Un site de vente en ligne permet d''offrir vos produits ou services directement à vos clients sur internet. Avec une intégration des systèmes de paiement et des fonctionnalités de gestion des stocks, je vous aide à créer une boutique en ligne fluide et sécurisée. Parfait pour les créatifs, artistes ou freelancers, un portfolio en ligne met en valeur vos projets et vos réalisations avec un design épuré et un focus sur le visuel. Si votre projet nécessite des fonctionnalités plus spécifiques comme un espace membre, une gestion de contenus complexe ou des intégrations API, je crée des plateformes sur mesure adaptées à vos besoins précis.'),
(2, 'fa-solid fa-hammer', 'Audit et Refonte de Sites Web', 'audit-refonte', 'J''analyse votre site existant pour identifier les points à améliorer et propose une refonte afin de le rendre plus performant et attrayant. Mon objectif est d''optimiser votre site pour qu''il réponde mieux à vos objectifs.', '2lct-description-refonte-site.svg', 'L’audit et la refonte de sites web sont des prestations cruciales pour améliorer la performance, le design et l’expérience utilisateur d’un site existant. Si votre site actuel ne correspond plus à vos attentes ou n’atteint pas vos objectifs, une refonte vous permet de moderniser son apparence et de le rendre plus performant, tout en optimisant son référencement naturel.', 'J’analyse la structure de votre site pour identifier les failles techniques, les lenteurs et les problèmes de compatibilité, afin de proposer des solutions pour améliorer sa performance. Je fais une évaluation de l’expérience utilisateur et de l’interface pour déterminer les aspects à améliorer en termes de navigation et de design. Cette refonte se concentre sur le design du site. Je modernise les visuels et l’interface utilisateur pour mieux correspondre à votre image de marque et aux tendances actuelles. Si votre site est obsolète en termes de technologies utilisées, je procède à une refonte technique pour le rendre plus rapide, plus sécurisé, et conforme aux normes actuelles.'),
(3, 'fa-solid fa-keyboard', 'Référencement Naturel (SEO)', 'seo', 'Je travaille sur l''optimisation SEO de votre site pour améliorer sa visibilité sur les moteurs de recherche et attirer un trafic qualifié. Cela inclut des techniques de SEO on-page et off-page adaptées à vos besoins.', '2lct-description-seo.svg', 'Le référencement naturel (SEO) est un service indispensable pour améliorer la visibilité de votre site sur les moteurs de recherche tels que Google. En optimisant le contenu, la structure, et les performances techniques de votre site, je vous aide à obtenir un meilleur positionnement dans les résultats de recherche, ce qui attire un trafic qualifié et augmente vos opportunités de conversion.', 'J’optimise chaque page de votre site, incluant les balises meta, les titres, les URL et les contenus, pour qu’ils répondent aux attentes des moteurs de recherche. Je m’assure que la structure technique de votre site (temps de chargement, compatibilité mobile, sécurité) soit conforme aux normes SEO actuelles. Je retravaille ou crée du contenu optimisé pour le SEO, intégrant les mots-clés pertinents tout en respectant les bonnes pratiques de rédaction. Je mets en place une stratégie de backlinks pour améliorer l’autorité de votre site et renforcer sa position dans les résultats de recherche.'),
(4, 'fa-solid fa-pen-nib', 'Rédaction Web et Contenu', 'redaction-web', 'Je crée des contenus optimisés pour le SEO qui captivent vos visiteurs et renforcent la visibilité de votre site. Chaque texte est conçu pour répondre aux besoins de votre audience tout en améliorant votre référencement naturel', '2lct-description-redaction-web.svg', 'La rédaction web et le contenu SEO sont des éléments essentiels pour un site qui attire les visiteurs et se positionne bien sur les moteurs de recherche. J’élabore des contenus engageants, optimisés pour le référencement naturel, tout en respectant l’identité de votre marque. Chaque contenu est soigneusement rédigé pour maximiser l''engagement des visiteurs tout en intégrant les mots-clés pertinents pour améliorer le SEO.', 'Les articles de blog sont une excellente façon d’attirer du trafic régulier. Je rédige des contenus de blog optimisés SEO, répondant aux questions des internautes et positionnant votre site comme une référence dans votre secteur. Je crée des pages de vente persuasives et optimisées pour le SEO, conçues pour inciter vos visiteurs à passer à l’action (achat, demande de devis, etc.). Pour les sites e-commerce, je rédige des fiches produits détaillées, attractives et optimisées pour les moteurs de recherche, augmentant ainsi vos chances de conversion. Je rédige des descriptions de services claires et percutantes, qui expliquent de manière simple et attractive ce que vous proposez, tout en intégrant les mots-clés stratégiques.'),
(5, 'fa-solid fa-rectangle-ad', 'Marketing Digital', 'marketing-digital', 'Je mets en place des stratégies de marketing digital pour accroître votre visibilité en ligne et générer des leads. Mes services comprennent également la publicité en ligne et la gestion des campagnes sur les réseaux sociaux.', '2lct-description-marketing-digital.svg', 'Le marketing digital et la publicité en ligne sont essentiels pour développer votre visibilité, attirer de nouveaux clients et augmenter vos conversions. Je vous accompagne dans la création et la gestion de campagnes digitales sur mesure, qu’il s’agisse de publicité Google Ads, de réseaux sociaux ou de campagnes d’emailing, afin de générer un retour sur investissement maximal.', 'Je crée et optimise vos campagnes de publicité Google pour attirer du trafic qualifié vers votre site et augmenter vos conversions à court terme. J’élabore des campagnes publicitaires sur Facebook, Instagram et LinkedIn, ciblant précisément vos clients potentiels pour maximiser votre retour sur investissement. Je vous aide à mettre en place des campagnes d’emailing efficaces, en rédigeant des contenus convaincants et en segmentant vos audiences pour des résultats optimaux. J’optimise la création et la diffusion de contenus sur divers canaux (blogs, vidéos, infographies) pour engager et fidéliser votre audience.'),
(6, 'fa-brands fa-facebook', 'Communication Digitale', 'communication-digitale', 'Je vous aide à établir une stratégie de communication digitale pour renforcer votre marque et atteindre vos objectifs de notoriété et d''engagement.', '2lct-description-communication-digitale.svg', 'La communication digitale stratégique est essentielle pour renforcer l’image de votre marque sur le web. Je vous accompagne dans la mise en place d’une stratégie de communication cohérente, avec des messages ciblés et adaptés à chaque plateforme (site web, réseaux sociaux, newsletters) pour maximiser votre impact et fidéliser votre audience.', 'Je définis et mets en place une stratégie de contenu pour vos réseaux sociaux, avec un calendrier éditorial et des publications régulières pour engager votre audience. J’élabore une stratégie de contenu cross-canal qui couvre vos blogs, newsletters, réseaux sociaux et autres supports de communication. Je surveille et gère votre réputation en ligne, en vous aidant à maintenir une image positive et en gérant les commentaires et retours clients. Je conçois des campagnes de communication qui englobent plusieurs canaux pour assurer une cohérence de vos messages, maximisant ainsi leur impact.'),
(7, 'fa-solid fa-chalkboard-user', 'Formation', 'formation', 'Je propose des formations personnalisées pour vous aider à utiliser les outils digitaux et à gérer votre présence en ligne de manière autonome.', '2lct-description-formation.svg', 'La formation aux outils digitaux vous permet de maîtriser les logiciels et plateformes essentiels pour gérer efficacement votre présence en ligne. Que vous souhaitiez apprendre à utiliser un CMS comme WordPress, comprendre les bases de Google Analytics, ou gérer vos campagnes de publicité en ligne, mes sessions de formation sont conçues pour vous rendre autonome et efficace dans l''utilisation de ces outils clés.', 'Je vous guide dans la création, la gestion et la personnalisation de votre site WordPress, incluant l''installation de thèmes, la gestion de plugins, et la publication de contenu. Vous apprendrez à utiliser Google Analytics pour analyser le comportement des visiteurs sur votre site, comprendre les rapports clés, et tirer des conclusions pour améliorer votre stratégie digitale. Cette formation couvre la création et la gestion de campagnes publicitaires sur des plateformes comme Google Ads et Facebook Ads, vous apprenant à configurer des annonces, cibler les audiences et optimiser vos campagnes. Je vous enseigne les fondamentaux du SEO, y compris la recherche de mots-clés, l''optimisation sur-page et off-page, ainsi que la manière de suivre et d''analyser les performances SEO.'),
(8, 'fa-solid fa-headset', 'Maintenance et Support Technique', 'support', 'J’assure la maintenance de votre site pour garantir son bon fonctionnement et sa sécurité, tout en offrant un support technique réactif pour répondre à vos besoins.', '2lct-description-maintenance.svg', 'La maintenance et le support technique sont essentiels pour garantir le bon fonctionnement de votre site web et résoudre rapidement tout problème technique. Je propose un service de maintenance proactive qui assure que votre site reste sécurisé et performant, ainsi qu''un support technique réactif pour résoudre les problèmes dès qu''ils surviennent.', 'Je réalise des vérifications régulières et applique des mises à jour pour prévenir les problèmes potentiels, garantir la sécurité de votre site et maintenir ses performances optimales. En cas de dysfonctionnements ou de bugs, j’interviens rapidement pour corriger les problèmes techniques, minimisant ainsi les interruptions de service et rétablissant la fonctionnalité de votre site. Je vous offre une assistance technique en cas de question ou de problème lié à votre site, vous fournissant des solutions rapides et efficaces pour tout problème rencontré. Je m’assure que vos plugins, thèmes et autres éléments du site sont à jour et fonctionnent correctement, tout en apportant des optimisations pour améliorer les performances globales.');

INSERT INTO "variation_service" ("id", "name", "service_id") VALUES
(1, 'Site Vitrine', 1),
(2, 'Site E-commerce', 1),
(3, 'Portfolio en Ligne', 1),
(4, 'Plateformes Personnalisées', 1),
(5, 'Audit Technique', 2),
(6, 'Audit UX/UI', 2),
(7, 'Refonte Graphique', 2),
(8, 'Refonte Technique', 2),
(9, 'SEO On-page', 3),
(10, 'SEO Technique', 3),
(11, 'Optimisation du Contenu', 3),
(12, 'Netlinking', 3),
(13, 'Articles de Blog SEO', 4),
(14, 'Pages de Vente', 4),
(15, 'Fiches Produits', 4),
(16, 'Descriptions de Services', 4),
(17, 'Google Ads (SEA)', 5),
(18, 'Publicité Réseaux Sociaux', 5),
(19, 'Emailing', 5),
(20, 'Marketing de Contenu', 5),
(21, 'Stratégie Réseaux Sociaux', 6),
(22, 'Stratégie de Contenu', 6),
(23, 'E-réputation', 6),
(24, 'Campagnes de Communication Intégrées', 6),
(25, 'Formation WordPress', 7),
(26, 'Formation Google Analytics', 7),
(27, 'Formation Publicité en Ligne', 7),
(28, 'Formation SEO', 7),
(29, 'Maintenance Préventive', 8),
(30, 'Maintenance Corrective', 8),
(31, 'Support Technique', 8),
(32, 'Mises à Jour et Optimisations', 8);


INSERT INTO "question" ("id", "question", "answer") VALUES
(1, 'Combien de temps faut-il pour créer un site web personnalisé ?', 'La durée de création dépend de la complexité du projet. En général, un site vitrine prend environ 3 à 4 semaines, tandis qu''un site e-commerce ou une plateforme plus complexe peut nécessiter 6 à 8 semaines.'),
(2, 'Mon site sera-t-il facilement modifiable après sa mise en ligne ?', 'Oui, je vous forme à l''utilisation du site via un CMS (comme WordPress), afin que vous puissiez gérer le contenu de manière autonome après la livraison.'),
(3, 'Comment se passe l''hébergement et la maintenance ?', 'Je vous propose des solutions d’hébergement et je m’occupe de la maintenance pour assurer la sécurité et la stabilité de votre site sur le long terme.'),
(4, 'Pourquoi faire un audit de mon site web ?', 'Un audit permet de comprendre pourquoi votre site n’obtient pas les résultats escomptés et propose des solutions concrètes pour améliorer sa performance.'),
(5, 'Une refonte complète est-elle nécessaire ?', 'Pas forcément. Parfois, une simple optimisation technique ou un ajustement du design peut suffire à résoudre les problèmes de votre site.'),
(6, 'Combien de temps prend une refonte de site ?', 'Cela dépend de la complexité du site et des ajustements à apporter, mais en général, une refonte prend entre 4 et 8 semaines.'),
(7, 'Combien de temps faut-il pour voir les résultats SEO ?', 'Les résultats SEO ne sont pas immédiats. En général, vous commencerez à voir des améliorations au bout de 3 à 6 mois.'),
(8, 'Est-ce que le SEO fonctionne pour toutes les entreprises ?', 'Oui, mais la stratégie doit être adaptée à votre secteur et à la concurrence. Chaque site a son propre potentiel SEO.'),
(9, 'Le SEO est-il un investissement rentable ?', 'Oui, car il attire un trafic organique à long terme, sans avoir à payer pour chaque clic comme dans le cas des publicités payantes.'),
(10, 'Comment intégrez-vous les mots-clés dans les textes ?', 'Je sélectionne des mots-clés pertinents à partir d’une recherche approfondie et je les intègre naturellement dans le texte, tout en préservant la qualité de lecture.'),
(11, 'Combien de mots doit avoir un article pour le SEO ?', 'Cela dépend de votre secteur et des sujets abordés. En général, un article optimisé SEO fait entre 800 et 1500 mots, mais la qualité prime sur la quantité.'),
(12, 'Faut-il régulièrement mettre à jour les contenus SEO ?', 'Oui, il est recommandé de mettre à jour régulièrement vos contenus pour rester pertinent aux yeux des moteurs de recherche et de votre audience.'),
(13, 'Combien coûte une campagne Google Ads ?', 'Les coûts varient en fonction des mots-clés et de la concurrence dans votre secteur. Vous avez le contrôle total sur votre budget quotidien.'),
(14, 'Comment mesurer les résultats d’une campagne ?', 'Je vous fournis des rapports détaillés avec les KPIs clés (taux de clics, conversions, coût par clic, etc.) pour suivre la performance de chaque campagne.'),
(15, 'Est-ce que les réseaux sociaux sont efficaces pour ma marque ?', 'Cela dépend de votre secteur et de votre audience. En général, les réseaux sociaux permettent d’établir une relation directe avec vos clients potentiels et d’accroître votre visibilité.'),
(16, 'Comment choisir les bons réseaux sociaux ?', 'Tout dépend de votre audience. Par exemple, LinkedIn est souvent recommandé pour les entreprises B2B, tandis qu''Instagram convient mieux aux marques axées sur le visuel.'),
(17, 'Est-ce que je dois être actif sur tous les réseaux sociaux ?', 'Non, il vaut mieux être actif sur quelques plateformes bien choisies que sur toutes sans une vraie stratégie. Je vous aide à identifier les plus pertinentes.'),
(18, 'Combien de temps pour voir les résultats d’une campagne de communication ?', 'Les premiers résultats apparaissent souvent en quelques semaines, mais la fidélisation et la notoriété se construisent sur le long terme.'),
(19, 'Combien de temps dure une formation ?', 'La durée des formations varie en fonction du sujet et de votre niveau initial, allant généralement de 2 heures pour des sessions courtes à plusieurs jours pour des formations plus approfondies.'),
(20, 'Les formations sont-elles personnalisées ?', 'Oui, les formations sont adaptées à votre niveau et à vos besoins spécifiques pour vous fournir les compétences les plus pertinentes pour votre activité.'),
(21, 'Puis-je accéder aux supports de formation après la session ?', 'Oui, vous aurez accès aux supports de formation (présentations, guides pratiques, etc.) pour vous permettre de réviser et de mettre en pratique ce que vous avez appris.'),
(22, 'À quelle fréquence devrais-je mettre à jour mon site ?', 'Il est recommandé d’effectuer des mises à jour régulières (mensuelles ou trimestrielles) pour garantir que votre site reste à jour, sécurisé et performant.'),
(23, 'Que faire si mon site rencontre un problème technique ?', 'Contactez-moi immédiatement pour obtenir une assistance rapide. Je diagnostiquerai et résoudrai le problème pour minimiser les interruptions et rétablir la fonctionnalité de votre site.'),
(24, 'Quels types de sites bénéficient le plus de la maintenance ?', 'Tous les types de sites web, qu''il s''agisse de sites e-commerce, vitrines, ou blogs, bénéficient d''une maintenance régulière pour assurer leur bon fonctionnement et leur sécurité.');

INSERT INTO "service_question" ("service_id", "question_id") VALUES
(1,1),
(1,2),
(1,3),
(2,4),
(2,5),
(2,6),
(3,7),
(3,8),
(3,9),
(4,10),
(4,11),
(4,12),
(5,13),
(5,14),
(5,15),
(6,16),
(6,17),
(6,18),
(7,19),
(7,20),
(7,21),
(8,22),
(8,23),
(8,24);


INSERT INTO "advantage" ("id", "name", "description") VALUES
(1, 'Un Design qui Vous Ressemble', 'Votre site reflète votre identité visuelle et vos valeurs. Chaque élément est conçu pour être en cohérence avec votre branding.'),
(2, 'Meilleure Expérience Utilisateur', 'Je veille à ce que la navigation sur votre site soit intuitive et fluide, ce qui améliore la satisfaction des visiteurs et les incite à passer à l''action.'),
(3, 'Optimisation Mobile', 'Tous les sites sont entièrement responsives, garantissant une expérience utilisateur optimale, que ce soit sur mobile, tablette ou ordinateur.'),
(4, 'SEO Friendly', 'Votre site est conçu avec les meilleures pratiques SEO dès le départ, ce qui facilite son référencement naturel sur les moteurs de recherche.'),
(5, 'Amélioration de la Performance', 'Après la refonte, votre site sera plus rapide et mieux optimisé, ce qui améliore l''expérience utilisateur et le référencement naturel.'),
(6, 'Design Moderne et Efficace', 'Le nouveau design du site sera en accord avec les tendances actuelles et plus attrayant pour vos visiteurs.'),
(7, 'Optimisation Mobile', 'La refonte garantit un responsive design pour que votre site soit parfaitement utilisable sur tous les types d’écrans.'),
(8, 'Meilleure Visibilité', 'Grâce à un audit SEO et des ajustements techniques, votre site bénéficiera d’une meilleure visibilité dans les résultats de recherche.'),
(9, 'Augmentation du Trafic', 'Un meilleur positionnement vous apporte plus de visiteurs qualifiés, intéressés par vos produits ou services.'),
(10, 'Meilleure Visibilité Locale', 'Grâce au SEO local, votre entreprise est mieux référencée auprès des utilisateurs à proximité, ce qui est particulièrement efficace pour les commerces locaux.'),
(11, 'Optimisation à Long Terme', 'Contrairement aux campagnes publicitaires payantes, le SEO a des effets durables et continue d’attirer des visiteurs au fil du temps.'),
(12, 'Amélioration de la Crédibilité', 'Être bien positionné sur Google renforce votre crédibilité et confiance auprès des visiteurs.'),
(13, 'Contenu Persuasif et Engagé', 'Chaque texte est pensé pour capter l’attention de vos visiteurs et les inciter à poursuivre leur navigation, à acheter ou à vous contacter.'),
(14, 'Optimisation SEO Intégrée', 'Tous les contenus sont rédigés avec une optimisation SEO dès le départ, incluant l''intégration des mots-clés, le maillage interne et l''optimisation des balises.'),
(15, 'Adapté à Votre Audience', 'Le ton et le style de rédaction sont adaptés à votre cible, que ce soit un ton professionnel, décontracté ou plus technique.'),
(16, 'Création de Valeur', 'Les contenus que je crée sont non seulement optimisés pour le SEO, mais apportent aussi une valeur ajoutée à vos visiteurs, ce qui les fidélise à long terme.'),
(17, 'Ciblage Précis', 'Les campagnes digitales vous permettent de cibler des audiences spécifiques, augmentant vos chances d''atteindre les bons clients au bon moment.'),
(18, 'Mesure et Ajustement en Temps Réel', 'Je vous propose des campagnes que vous pouvez ajuster à tout moment grâce aux données analytiques pour maximiser les performances.'),
(19, 'Retour sur Investissement (ROI) Rapide', 'Les campagnes bien optimisées génèrent rapidement des résultats, augmentant vos ventes ou conversions sans gaspiller votre budget.'),
(20, 'Flexibilité des Budgets', 'Que vous ayez un petit ou un grand budget, je mets en place des stratégies adaptées à vos moyens pour atteindre vos objectifs marketing.'),
(21, 'Message Cohérent', 'Je veille à ce que tous vos messages sur les différentes plateformes soient alignés, renforçant ainsi votre identité de marque.'),
(22, 'Optimisation des Interactions', 'Chaque interaction avec vos clients potentiels est optimisée pour créer une expérience utilisateur positive, ce qui renforce l''engagement.'),
(23, 'Visibilité Accrue', 'Une stratégie bien exécutée augmente la notoriété et la visibilité de votre marque sur le web et les réseaux sociaux.'),
(24, 'Fidélisation de la Clientèle', 'Une communication efficace vous permet de fidéliser vos clients en créant des relations durables basées sur la confiance et l''engagement.'),
(25, 'Autonomie Renforcée', 'Vous acquérez les compétences nécessaires pour gérer vos outils digitaux de manière autonome, vous permettant ainsi de réagir rapidement aux besoins de votre entreprise.'),
(26, 'Compétences Pratiques et Applicables', 'Les formations sont conçues pour vous fournir des compétences directement applicables à vos projets, vous permettant de mettre en œuvre immédiatement ce que vous avez appris.'),
(27, 'Optimisation des Ressources', 'Une bonne maîtrise des outils vous permet de maximiser l’efficacité de vos campagnes et de gérer votre présence en ligne de manière plus efficace, optimisant ainsi vos ressources.'),
(28, 'Adaptabilité et Mise à Jour', 'Vous êtes mieux préparé à vous adapter aux évolutions rapides du numérique et à intégrer de nouveaux outils et technologies dans votre stratégie.'),
(29, 'Sécurité Renforcée', 'Une maintenance régulière réduit les risques de vulnérabilités et de piratage, protégeant ainsi vos données et celles de vos visiteurs.'),
(30, 'Performance Optimisée', 'Les mises à jour régulières et les optimisations assurent que votre site fonctionne de manière fluide et rapide, offrant une meilleure expérience utilisateur et des temps de chargement réduits.'),
(31, 'Réactivité en Cas de Problème', 'Je suis disponible pour fournir un support technique réactif, résolvant rapidement les problèmes pour minimiser les interruptions de service et assurer une continuité optimale.'),
(32, 'Tranquillité d’Esprit', 'Avec un service de maintenance et de support fiable, vous pouvez vous concentrer sur le développement de votre activité, en sachant que la gestion technique de votre site est entre de bonnes mains.');

INSERT INTO "service_advantage" ("service_id", "advantage_id") VALUES
(1, 1),
(1, 2),
(1, 3),
(1, 4),
(2, 5),
(2, 6),
(2, 7),
(2, 8),
(3, 9),
(3, 10),
(3, 11),
(3, 12),
(4, 13),
(4, 14),
(4, 15),
(4, 16),
(5, 17),
(5, 18),
(5, 19),
(5, 20),
(6, 21),
(6, 22),
(6, 23),
(6, 24),
(7, 25),
(7, 26),
(7, 27),
(7, 28),
(8, 29),
(8, 30),
(8, 31),
(8, 32);

INSERT INTO "project" ("id", "image", "name", "slug", "card_description", "short_description", "long_description") VALUES
(1, '2lct-image.png', '2lct', 'refonte-2lct', 'Refonte complète du site 2lct', '2lct est un projet de refonte visant à moderniser le site d’une entreprise spécialisée dans la gestion de la logistique et du transport.', 'Le projet 2lct avait pour objectif de repenser complètement le site existant. J''ai travaillé sur l''optimisation de l''expérience utilisateur, en améliorant l''interface de navigation, l''ergonomie, ainsi que la performance du site. J''ai également intégré des fonctionnalités spécifiques pour simplifier la gestion des transports et logistiques, tout en améliorant la visibilité de l''entreprise sur le web. Cette refonte a permis une meilleure interaction avec les clients et a optimisé les processus internes.'),
(2, 'ecom_shop_image.jpg', 'Ecom Shop', 'creation-ecomshop', 'Création d''une boutique en ligne moderne', 'Ecom Shop est un site de e-commerce développé pour une marque de vêtements. Le projet incluait un design responsive et une optimisation SEO.', 'Ecom Shop est un projet de développement complet d’une boutique en ligne. J''ai travaillé sur la création d''un site intuitif et visuellement attractif pour permettre aux utilisateurs de parcourir et d’acheter facilement des produits. J''ai aussi intégré un système de paiement sécurisé, un module de gestion des stocks et un tableau de bord personnalisé pour suivre les ventes. L''optimisation SEO a amélioré la visibilité du site, attirant plus de clients.'),
(3, 'art_portfolio_image.jpg', 'Art Portfolio', 'creation-artportfolio', 'Site portfolio pour un artiste contemporain', 'Art Portfolio est un projet destiné à un artiste souhaitant présenter ses œuvres en ligne via une interface moderne et élégante.', 'Le projet Art Portfolio consistait à créer un site web mettant en valeur les œuvres d''un artiste. J''ai conçu une galerie visuelle dynamique, permettant aux utilisateurs de visualiser des œuvres avec des descriptions détaillées et des images haute résolution. J''ai également intégré une section blog et un formulaire de contact personnalisé pour faciliter la communication entre l''artiste et ses admirateurs. Le design épuré et minimaliste reflète parfaitement l''identité visuelle de l''artiste.'),
(4, 'startup_hub_image.jpg', 'Startup Hub', 'refonte-startuphub', 'Refonte du site pour une startup tech', 'Startup Hub est un projet de refonte d''un site pour une entreprise tech, améliorant l''UX et la présentation des services.', 'Startup Hub était un projet de refonte complète d''un site internet pour une startup dans le domaine de la technologie. Le site a été repensé pour offrir une navigation fluide et intuitive, avec une mise en avant des services technologiques proposés par l’entreprise. J''ai optimisé le parcours utilisateur et implémenté une stratégie de contenu pour mieux convertir les visiteurs en clients. De plus, j''ai intégré des fonctionnalités de blog et de newsletter pour permettre à l’entreprise de garder ses utilisateurs informés des dernières innovations.'),
(5, 'fitness_blog_image.jpg', 'Fitness Blog', 'creation-fitnessblog', 'Création d''un blog pour une coach fitness', 'Fitness Blog est un projet de création de blog pour une coach fitness, avec des articles optimisés SEO et des vidéos d''entraînement.', 'Le projet Fitness Blog visait à créer une plateforme en ligne pour une coach fitness, où elle pourrait partager ses conseils et programmes d''entraînement. Le site inclut une section blog, des vidéos d’entraînement intégrées, ainsi qu’un calendrier des sessions de coaching. J''ai optimisé le site pour les moteurs de recherche afin de capter un trafic qualifié et encourager la conversion des visiteurs en clients. Le design dynamique et énergique reflète l''esprit de la coach et incite les utilisateurs à s''inscrire à ses services de coaching.'),
(6, 'consultancy_site_image.jpg', 'Consultancy Pro', 'creation-consultancypro', 'Site vitrine pour un consultant en business', 'Consultancy Pro est un site vitrine créé pour un consultant en stratégie d''entreprise, avec une présentation claire des services et une section contact.', 'Consultancy Pro est un site vitrine conçu pour un consultant en business qui souhaitait mettre en avant ses services de manière professionnelle. Le site propose une navigation simple avec des sections dédiées à ses différentes expertises, des témoignages clients et un formulaire de prise de contact. J''ai conçu un design élégant et moderne, en accord avec l''image professionnelle que le consultant souhaitait véhiculer. Des fonctionnalités telles que l''intégration de calendriers pour les rendez-vous en ligne et une section blog ont été ajoutées pour augmenter l''interaction avec ses clients potentiels.');

INSERT INTO "project_image" ("id", "image", "project_id") VALUES
(1, '2lct_homepage.jpg', 1),
(2, '2lct_services_page.jpg', 1),
(3, '2lct_contact_page.jpg', 1),
(4, '2lct_portfolio_page.jpg', 1),
(5, 'ecom_shop_homepage.jpg', 2),
(6, 'ecom_shop_product_page.jpg', 2),
(7, 'ecom_shop_checkout_page.jpg', 2),
(8, 'art_portfolio_gallery.jpg', 3),
(9, 'art_portfolio_about_page.jpg', 3),
(10, 'art_portfolio_contact_page.jpg', 3),
(11, 'startup_hub_services.jpg', 4),
(12, 'startup_hub_team_page.jpg', 4),
(13, 'startup_hub_contact.jpg', 4),
(14, 'fitness_blog_workout.jpg', 5),
(15, 'fitness_blog_nutrition_tips.jpg', 5),
(16, 'fitness_blog_testimonials.jpg', 5),
(17, 'consultancy_pro_homepage.jpg', 6),
(18, 'consultancy_pro_services_page.jpg', 6),
(19, 'consultancy_pro_testimonials.jpg', 6),
(20, 'consultancy_pro_contact_page.jpg', 6);


INSERT INTO "technology" ("id", "icon", "name") VALUES
(1, 'fa-brands fa-html5', 'HTML'),
(2, 'fa-brands fa-css3-alt', 'CSS'),
(3, 'fa-brands fa-js-square', 'JavaScript'),
(4, 'fa-brands fa-node', 'Node.js'),
(5, 'fa-brands fa-js-square', 'Express'),
(6, 'fa-solid fa-database', 'Sequelize'),
(7, 'fa-brands fa-wordpress', 'WordPress'),
(8, 'fa-solid fa-cart-shopping', 'Magento'),
(9, 'fa-brands fa-react', 'React'),
(10, 'fa-solid fa-laptop-code', 'Responsive Design'),
(11, 'fa-solid fa-file-code', 'Web Development'),
(12, 'fa-solid fa-server', 'Web Hosting'),
(13, 'fa-brands fa-docker', 'Docker'),
(14, 'fa-brands fa-trello', 'Trello'),
(15, 'fa-brands fa-slack', 'Slack'),
(16, 'fa-brands fa-git-alt', 'Git'),
(17, 'fa-solid fa-search', 'Semrush'),
(18, 'fa-solid fa-chart-line', 'Google Analytics'),
(19, 'fa-solid fa-bullhorn', 'Google Ads'),
(20, 'fa-brands fa-google', 'Google My Business'),
(21, 'fa-brands fa-google', 'Google Search Console'),
(22, 'fa-brands fa-microsoft', 'Microsoft Office'),
(23, 'fa-solid fa-database', 'PostgreSQL'),
(24, 'fa-brands fa-figma', 'Figma'),
(25, 'fa-solid fa-cloud-upload-alt', 'FTP'),
(26, 'fa-solid fa-pen-nib', 'Content Creation'),
(27, 'fa-solid fa-search-dollar', 'SEO'),
(28, 'fa-solid fa-paint-brush', 'Canva'),
(29, 'fa-brands fa-npm', 'npm'),
(30, 'fa-brands fa-windows', 'Windows OS'),
(31, 'fa-brands fa-ubuntu', 'Ubuntu');


INSERT INTO "technology_project" ("project_id", "technology_id") VALUES
(1, 1),
(1, 2),
(1, 3),
(1, 4),
(1, 5),
(1, 6),
(1, 10),
(1, 11),
(1, 12),
(1, 14),
(1, 16),
(2, 1),
(2, 2),
(2, 3),
(2, 4),
(2, 5),
(2, 6),
(2, 10),
(2, 11),
(2, 12),
(2, 14),
(2, 16),
(2, 17),
(2, 21),
(2, 22),
(2, 23),
(2, 24),
(2, 28),
(2, 29),
(3, 1),
(3, 2),
(3, 3),
(3, 4),
(3, 5),
(4, 1),
(4, 2),
(4, 3),
(4, 4),
(5, 1),
(5, 2),
(5, 3),
(5, 4);

COMMIT;

 
BEGIN;

SELECT setval('service_id_seq', (SELECT MAX(id) from "service"));
SELECT setval('variation_service_id_seq', (SELECT MAX(id) from "variation_service"));
SELECT setval('question_id_seq', (SELECT MAX(id) from "question"));
SELECT setval('advantage_id_seq', (SELECT MAX(id) from "advantage"));
SELECT setval('project_id_seq', (SELECT MAX(id) from "project"));
SELECT setval('project_image_id_seq', (SELECT MAX(id) from "project_image"));
SELECT setval('technology_id_seq', (SELECT MAX(id) from "technology"));

COMMIT;

